,file_index,loc_index,Carfollowing_accident,Truck_Accident,Pedestrian_Accident,Chain_collision,Lanechange_collision,Intersection_collision,Train_collision,Tree_collision,Death
0,File_1,A01,130.8635097,167.3275862,218.4600747,255.7360115,312.125163,108.2437268,282.0671245,1.278642049,0
1,File_1,B01,139.7771588,172.3275862,206.2980066,241.3811573,288.2659713,105.5854612,259.6973155,1.232873723,0
2,File_1,C01,129.2479109,154.137931,193.1729051,208.9124821,238.5919166,96.318475,205.0371359,1.192575802,0
3,File_1,D01,126.908078,154.137931,197.4056111,213.9473936,242.7640156,97.38138364,212.2959678,1.214563591,0
4,File_1,E01,112.5348189,116.8965517,130.6035783,128.6293639,133.1160365,98.44197296,129.026501,1.038758962,0
5,File_1,F01,114.9860724,116.7241379,125.4472884,125.6221903,132.2033898,103.1868484,132.0837011,1.015115444,0
6,File_1,G01,95.54317549,87.93103448,89.17921704,87.16403635,88.00521512,104.2799081,92.61824288,0.920327737,0
7,File_1,H01,92.36768802,82.24137931,84.43598728,82.54615017,83.18122555,104.7023547,88.06678005,0.890369577,0
8,File_1,I01,95.43175487,92.32758621,86.54769916,85.05404113,84.48500652,107.592883,93.24750813,0.967472372,0
10,File_1,A02,92.36768802,88.27586207,83.55417353,84.94308943,86.70143416,104.6450345,90.57436869,0.955700678,0
12,File_1,C02,97.3816156,94.22413793,94.14754136,93.23003348,96.08865711,101.4374227,96.3634798,0.967576245,0
13,File_1,D02,96.65738162,93.44827586,84.90706147,85.97800096,92.82920469,105.2490502,92.2070569,0.966799165,0
14,File_1,E02,87.7994429,85.25862069,88.88218504,87.38211382,90.35202086,104.0626657,92.65656283,0.971061067,0
15,File_1,F02,81.44846797,78.79310345,91.56011417,88.27737924,83.57235984,92.77312688,83.45073303,0.967398226,0
16,File_1,G02,133.8718663,168.6206897,211.9787436,248.7900526,293.6114733,101.2545282,256.6876924,1.259567782,0
17,File_1,H02,138.9415042,180.4310345,226.8883577,265.3945481,321.2516297,104.2097765,281.8109406,1.298611495,0
18,File_1,I02,130.0278552,160.5172414,222.945722,241.254902,270.6649283,96.47740325,237.1703516,1.234483497,0
19,File_1,J02,135.9331476,167.9310345,211.8163043,236.3558106,273.4028683,91.71817017,220.892984,1.235394291,0
20,File_1,A03,119.9442897,125.9482759,138.0061727,138.7393592,148.2398957,100.9123741,142.6602226,1.050056457,0
22,File_1,C03,99.94428969,93.44827586,96.60037593,96.50502152,98.95697523,101.8016655,100.1067792,0.935003652,0
23,File_1,D03,101.6155989,98.70689655,95.37279837,94.78527021,98.56584094,100.1498719,96.72751932,0.971375435,0
24,File_1,E03,105.4038997,105.5172414,103.3462511,105.1324725,103.9113429,96.29009101,103.1519235,1.001075308,0
25,File_1,F03,108.4122563,112.5,111.6886733,112.1377331,111.6036506,91.78907492,104.8821339,1.03770555,0
26,File_1,G03,108.6908078,109.6551724,100.4037779,101.6030607,108.4745763,98.68307121,102.1663689,1.00887255,0
27,File_1,H03,104.3454039,106.2931034,101.4735572,102.8101387,106.3885267,98.18695883,102.8604336,1.018665887,0
28,File_1,I03,110.5292479,113.9655172,103.4994083,106.0487805,105.0847458,99.21110178,107.2073798,1.031089231,0
29,File_1,J03,106.7409471,110.5172414,101.5872648,103.1066475,104.041721,100.929272,106.0381908,1.035378122,0
30,File_1,A04,102.729805,106.2931034,103.7291439,104.0879962,105.0847458,94.94002916,100.6951411,1.034686121,0
31,File_1,B04,105.0696379,104.0517241,105.6575314,104.286944,101.9556714,78.13681746,83.03179695,0.990312008,0
32,File_1,C04,94.15041783,90.51724138,90.65973592,89.91296031,92.17731421,102.3615038,93.78161934,0.961410937,10
33,File_1,D04,105.4038997,106.2931034,94.61629499,94.50023912,99.08735332,107.6218192,103.6315687,1.008436156,10
34,File_1,E04,91.75487465,88.96551724,88.65476992,89.3830703,93.74185137,101.6636111,92.59327033,0.9695999,10
35,File_1,F04,95.09749304,93.70689655,100.0,100.0,104.9543677,100.0,101.896407,0.985377149,10
36,File_1,G04,93.76044568,91.63793103,92.51618592,91.02247728,90.09126467,101.6650468,94.29291081,0.977362366,10
37,File_1,H04,100.0,100.0,98.52876337,98.39885222,105.4758801,106.3382444,106.619879,1.0,10
38,File_1,I04,96.88022284,90.77586207,91.75736198,90.63797226,94.52411995,100.1751635,92.51856795,0.936990641,10
39,File_1,J04,92.1448468,91.98275862,99.25974056,99.04351985,101.0430248,103.39393,104.3469462,0.998240941,10
40,File_1,A05,93.9275766,91.72413793,96.01095306,94.69918699,90.09126467,96.22581286,92.85311403,0.976541089,10
41,File_1,B05,108.4679666,108.6206897,104.6155988,105.1783835,107.3011734,95.10193939,101.9235323,1.001408002,10
42,File_1,C05,100.7799443,101.2068966,104.4694034,105.1688187,106.3885267,97.92465542,104.9391832,1.004236481,10
43,File_1,D05,104.0111421,105.5172414,112.6076161,113.5322812,116.9491525,95.73743153,110.754128,1.014480173,10
44,File_1,E05,108.3008357,110.5172414,105.012415,105.2185557,105.6062581,93.27155858,100.0,1.020465269,10
45,File_1,F05,97.82729805,94.48275862,100.4966004,100.0153037,99.08735332,93.97663015,95.77339562,0.965811798,10
46,File_1,G05,104.735376,104.8275862,101.9980043,101.5074127,98.95697523,86.97881693,89.96426342,1.000880411,10
47,File_1,H05,104.7910864,102.3275862,100.1044253,101.2415112,100.0,87.61751193,90.38750511,0.976491319,10
48,File_1,I05,141.3370474,171.0344828,213.4174924,234.4447633,271.3168188,95.4111813,227.9283546,1.210117842,20
49,File_1,J05,131.810585,165.2586207,217.4599123,246.8311813,292.1773142,95.23038523,239.5169103,1.253758343,20
50,File_1,A06,134.9860724,174.8275862,228.4268907,256.6657102,312.125163,103.4814013,270.6378765,1.295152775,20
51,File_1,B06,137.7715877,179.2241379,238.4656441,269.4538498,317.9921773,98.58941509,270.6916966,1.300878802,20
52,File_1,C06,139.2200557,185.862069,242.1855058,278.4830225,323.4680574,98.70339283,280.08439,1.335023665,20
53,File_1,D06,132.3119777,171.8965517,234.3071961,271.3055954,322.6857888,97.25934352,268.8747282,1.299176044,20
54,File_1,E06,140.6128134,177.6724138,221.922354,258.0526064,306.2581486,96.3141677,253.2539665,1.263557776,20
55,File_1,F06,132.9247911,171.5517241,225.672383,265.9397418,308.9960887,94.71604966,256.6640115,1.290592392,20
56,File_1,G06,144.4568245,184.9137931,242.9953821,283.6001913,339.6349413,93.44583849,270.0372435,1.280062702,20
57,File_1,H06,141.6713092,182.7586207,238.1338036,277.0521282,324.9022164,90.02197826,254.1366171,1.290018577,20
58,File_1,I06,144.178273,187.2413793,245.5294363,289.4366332,346.9361147,92.82194292,273.7551398,1.298679582,20
59,File_1,J06,139.5543175,179.5689655,245.4458961,297.2319464,341.851369,88.58466602,268.2956233,1.286731709,20
60,File_1,A07,141.2256267,179.3965517,231.2858237,264.7422286,319.8174707,95.06604524,256.4530365,1.270283276,20
61,File_1,B07,135.097493,173.0172414,241.9604112,273.155428,323.3376793,98.25985156,273.4924975,1.280684323,20
62,File_1,C07,151.9220056,191.1206897,250.7089318,299.9368723,350.1955671,78.94990281,241.2908226,1.258018474,20
63,File_1,D07,150.8635097,188.2758621,254.9369967,312.5700622,362.9726206,80.56845291,256.6080386,1.247988082,20
64,File_1,E07,45.68245125,5.775862069,0.0,0.0,0.0,0.0,1.588770963,0.126435029,20
65,File_1,F07,107.7437326,117.5862069,135.6879308,134.4753706,144.7196871,97.7214393,133.9032529,1.091350783,20
66,File_1,G07,63.23119777,15.17241379,0.0,0.0,0.0,0.0,3.448149663,0.23995139,20
67,File_1,H07,42.84122563,29.48275862,1.197410252,1.740793879,2.60756193,382.6449019,6.787367333,0.688186628,20
68,File_1,I07,59.22005571,22.5,0.445548001,0.62745098,0.912646675,754.0466514,4.820994166,0.379938852,20
69,File_1,J07,114.8189415,136.8965517,150.82496,161.4002869,187.7444589,99.62857837,163.8500786,1.192281952,20
70,File_1,A08,73.8718663,16.03448276,0.113707563,0.116690579,0.260756193,2531.509542,3.010053605,0.217058043,20
71,File_1,B08,198.7743733,243.2758621,18.84760866,41.84409374,39.37418514,127.3557607,54.30130675,1.223879407,20
72,File_1,C08,70.58495822,75.68965517,95.40528624,92.22572932,81.09517601,92.64048418,87.05862091,1.072319898,20
73,File_1,D08,42.6183844,35.68965517,1.807718191,2.731707317,3.780964798,262.6667697,7.311360358,0.837423935,20
74,File_1,E08,67.29805014,34.39655172,0.426983501,1.044476327,0.912646675,719.622504,7.658823276,0.511107701,20
75,File_1,F08,112.2005571,36.55172414,0.424662938,0.889526542,1.043024772,1016.08058,9.20970485,0.325771325,20
76,File_1,G08,54.98607242,7.327586207,0.17636275,0.145384983,0.391134289,1173.749779,1.738821554,0.133262586,20
77,File_1,H08,107.0194986,113.7068966,130.6824774,131.7264467,131.6818774,95.57507952,128.2850746,1.06248766,20
78,File_1,I08,49.08077994,9.396551724,0.0,0.0,0.0,0.0,1.865191277,0.191450742,20
79,File_1,J08,63.89972145,19.48275862,0.04641125,0.193208991,0.130378096,1504.771161,2.962476588,0.30489583,20
80,File_1,A09,47.74373259,20.0,0.454830251,0.487804878,1.043024772,845.8241297,4.204215195,0.418903151,30
81,File_1,B09,98.49582173,105.0,110.6444202,107.3610713,109.1264668,105.9424147,115.8978278,1.066035068,30
82,File_1,C09,39.94428969,26.89655172,0.793632376,1.511238642,1.694915254,373.5653384,5.752513401,0.673351609,30
83,File_1,D09,43.23119777,43.79310345,39.7883647,37.37733142,37.80964798,101.1746775,38.53350843,1.012997689,30
84,File_1,E09,50.4735376,33.10344828,1.12083169,1.660449546,2.477183833,483.5085704,8.180663495,0.655857502,30
85,File_1,F09,111.4206128,133.4482759,153.2731534,162.794835,180.0521512,91.04567945,151.0283955,1.197698276,30
86,File_1,G09,26.01671309,26.98275862,1.893579004,2.588235294,3.780964798,281.0721859,7.412757529,1.037131729,30
87,File_1,H09,48.74651811,16.72413793,0.053372938,0.37494022,0.130378096,1173.120251,4.481927192,0.343083744,30
88,File_1,I09,73.76044568,82.24137931,103.9379946,102.9172645,92.17731421,85.80436031,89.98213171,1.114979425,30
89,File_1,J09,95.43175487,101.3793103,113.7725385,114.3089431,126.5971317,91.05186429,106.0541215,1.062322604,30
90,File_1,A10,47.74373259,32.93103448,0.533729376,1.637494022,1.173402868,397.8419332,6.638177865,0.689745705,30
91,File_1,B10,78.21727019,42.84482759,0.707771564,1.398373984,1.434159061,618.0155505,8.806053691,0.547766848,30
92,File_1,C10,29.5821727,22.75862069,0.703130439,1.174557628,1.173402868,334.4959357,4.003358378,0.769335671,30
93,File_1,D10,107.7437326,106.3793103,118.5134477,119.9253945,125.9452412,104.0333981,127.1283718,0.987336411,30
94,File_1,E10,31.58774373,26.03448276,2.213816629,2.649450024,3.259452412,241.6206485,6.523002734,0.824195706,30
95,File_1,F10,38.32869081,22.15517241,0.949110064,1.451936872,2.086049544,292.2314013,4.323480657,0.578031024,30
96,File_1,G10,83.95543175,85.0,76.61337108,76.40172166,83.31160365,104.6862299,81.49878366,1.012441938,30
97,File_1,H10,100.8356546,110.9482759,127.0670411,125.9569584,132.9856584,105.5443762,135.461454,1.10028815,30
98,File_1,I10,93.81615599,101.1206897,112.2618523,112.2467719,119.6870926,92.41650468,105.7017072,1.077860083,30
99,File_1,J10,61.55988858,64.22413793,68.16884413,66.8579627,64.27640156,103.4452863,70.47297152,1.043278983,30
100,File_1,A11,116.1002786,139.3965517,155.3291718,161.7886179,178.6179922,91.68404312,151.1472304,1.200656479,30
101,File_1,B11,119.3314763,141.4655172,158.9910194,167.0703013,184.0938722,95.65029157,162.8337388,1.185483676,30
102,File_1,C11,91.75487465,91.89655172,97.61446175,96.92013391,105.0847458,93.71686694,92.55301285,1.001544082,30
103,File_1,D11,44.51253482,41.98275862,9.667463393,11.13534194,14.34159061,159.0928168,18.05149512,0.943167105,30
104,File_1,E11,84.12256267,94.48275862,100.0394496,99.63271162,95.04563233,93.91102668,95.3404663,1.123155972,30
105,File_1,F11,113.3147632,129.5689655,147.0818927,148.432329,158.9308996,96.00360046,145.2026867,1.143442936,30
106,File_1,G11,95.20891365,97.4137931,106.9686492,105.1669058,105.6062581,91.09283884,97.61619771,1.02315833,30
107,File_1,H11,101.281337,100.6896552,111.5494396,111.1372549,115.3846154,97.27613094,110.1601688,0.994158037,30
108,File_1,I11,90.19498607,97.4137931,111.2570487,109.5743663,118.5136897,97.06849708,108.3791522,1.080035569,30
109,File_1,J11,105.7938719,111.8103448,124.2011464,123.3362028,126.3363755,106.7413633,134.1473811,1.056869768,30
110,File_1,A12,92.70194986,95.34482759,111.5819275,111.4375897,115.2542373,88.11517052,100.0555424,1.028509408,30
111,File_1,B12,105.1253482,110.862069,106.9941754,108.4093735,117.0795306,84.31293073,93.13642333,1.054570291,30
112,File_1,C12,92.08913649,95.60344828,93.02206855,93.83644189,98.43546284,103.6372371,99.0936686,1.038162067,30
113,File_1,D12,94.37325905,100.862069,119.7827953,115.4662841,112.9074316,101.0273458,118.86461,1.06875687,30
114,File_1,E12,93.98328691,95.43103448,103.5829485,104.4591105,110.2998696,100.4893753,106.9608835,1.015404309,30
115,File_1,F12,95.04178273,96.98275862,95.40064512,96.57197513,95.95827901,98.99441156,97.41383393,1.020422343,30
116,File_1,G12,109.1922006,118.8793103,120.1680087,123.5868006,127.7705346,86.14353243,108.48098,1.088716132,30
117,File_1,H12,108.1337047,121.2931034,133.6203096,138.699187,151.6297262,90.80469164,128.333728,1.121695624,30
118,File_1,I12,97.43732591,94.9137931,95.45401805,95.74366332,100.0,90.09851564,87.89950701,0.974100964,30
119,File_1,J12,104.2339833,107.5862069,113.90249,114.794835,122.4250326,92.54936826,108.2566576,1.032160563,30
120,File_1,A13,92.03342618,94.56896552,92.10776692,93.51123864,95.17601043,98.69422601,94.04038664,1.0275502,30
121,File_1,B13,110.5292479,112.8448276,127.2758917,128.5394548,134.6805737,87.97435501,115.2261523,1.020949927,30
122,File_1,C13,96.545961,93.27586207,94.61861555,95.08369201,98.17470665,101.3316178,98.17700372,0.966129096,30
123,File_1,D13,89.08077994,87.32758621,83.55417353,84.15494978,84.35462842,103.1830933,88.48033412,0.980319057,30
124,File_1,E13,91.47632312,89.56896552,96.70016012,95.18890483,95.30638853,105.3133283,102.1476394,0.979149166,30
125,File_1,F13,92.36768802,91.20689655,104.3789014,102.4925873,104.5632334,101.6881295,106.1992207,0.987432927,30
126,File_1,G13,90.02785515,88.62068966,92.08688186,91.72262076,94.91525424,88.22263209,82.45462961,0.984369666,30
127,File_1,H13,98.32869081,89.31034483,86.15784466,85.52845528,87.22294654,92.63816487,80.73453747,0.908283677,30
128,File_1,I13,87.18662953,86.03448276,82.73269441,81.73888092,85.0065189,106.7563836,88.91627737,0.986785281,30
129,File_1,J13,101.448468,107.1551724,127.4893834,125.0463893,125.9452412,104.4501016,133.0879852,1.056252248,30
130,File_1,A14,97.71587744,102.2413793,104.9984916,104.3768532,104.5632334,97.12449196,103.2978838,1.046312861,30
131,File_1,B14,95.09749304,98.62068966,107.2447961,106.7144907,110.2998696,99.26201626,107.9356742,1.03704826,30
132,File_1,C14,101.9498607,105.3448276,106.1471701,107.952176,112.5162973,100.1371709,110.1502659,1.033300358,30
133,File_1,D14,104.1225627,116.2068966,130.1464275,132.6446676,149.6740548,102.0929051,137.9888485,1.116058744,30
134,File_1,E14,103.1754875,106.2068966,96.85563781,97.96843615,98.17470665,108.83714,108.6480377,1.029381098,30
135,File_1,F14,91.03064067,83.18965517,76.42540552,76.2601626,81.4863103,108.1532735,84.04189361,0.913864327,30
136,File_1,G14,92.70194986,85.94827586,89.11192073,86.70875179,85.65840939,108.2737675,95.66317194,0.927146365,30
137,File_1,H14,109.4707521,112.3275862,118.9241872,117.7675753,120.3389831,109.9734936,131.9691718,1.02609678,30
138,File_1,I14,99.72144847,95.94827586,90.76880236,89.69296987,94.13298566,107.2545945,98.02415449,0.962162878,30
139,File_1,J14,100.9470752,102.9310345,96.84867612,96.74031564,100.7822686,106.8304913,105.3079589,1.01965346,30
140,File_1,A15,93.98328691,94.65517241,95.17787112,94.45432807,95.82790091,103.7828017,99.88633183,1.007148989,30
141,File_1,B15,104.4011142,108.362069,108.5048616,108.9258728,109.6479791,106.9103419,118.6613851,1.037939775,30
142,File_1,C15,104.3454039,105.862069,106.3351356,104.7441416,105.8670143,90.33906167,96.41923748,1.014535045,30
143,File_1,D15,105.3481894,111.9827586,122.5512264,120.4265901,120.8604954,86.79691642,106.5087942,1.062977534,30
144,File_1,E15,88.85793872,87.4137931,81.37284478,80.14729794,80.70404172,109.3300495,89.28677531,0.983747703,30
145,File_1,F15,93.76044568,98.36206897,102.7336226,102.1099952,101.303781,108.3593612,112.7439668,1.049078513,30
146,File_1,G15,102.3398329,100.7758621,95.29157868,95.43185079,98.82659713,108.3273326,105.3391746,0.984717868,30
147,File_1,H15,96.21169916,96.03448276,99.48251456,99.54662841,106.1277705,103.6866054,105.1738391,0.998158058,30
148,File_1,I15,99.1086351,96.81034483,91.18186248,91.55236729,94.13298566,109.4890882,102.1407505,0.976810393,30
149,File_1,J15,107.9108635,115.2586207,115.1532732,117.9569584,130.5084746,105.0703525,126.2881316,1.068090987,30
150,File_1,A16,98.55153203,93.53448276,86.68229179,86.988044,88.13559322,108.1395785,95.85240361,0.949092123,30
151,File_1,B16,102.4512535,99.9137931,89.90555311,90.13677666,91.52542373,109.3635139,100.4460614,0.97523251,30
152,File_1,C16,99.27576602,96.20689655,97.47986912,97.15734099,100.9126467,102.8967132,101.8675594,0.969087426,30
153,File_1,D16,106.2395543,111.637931,120.5346576,119.2042085,117.4706649,105.4356998,128.0672106,1.050813247,30
154,File_1,E16,99.44289694,100.5172414,92.4372868,92.62936394,97.00130378,112.885448,106.5475447,1.010803632,30
155,File_1,F16,101.9498607,95.51724138,87.01877335,86.95552367,92.5684485,111.5833186,98.86805451,0.936904089,30
156,File_1,G16,99.1086351,94.13793103,92.31893811,91.91774271,89.83050847,107.7803057,100.9478806,0.949845903,30
157,File_1,H16,93.53760446,90.34482759,89.00285429,88.33859397,92.82920469,108.0674589,97.27562378,0.965866382,30
158,File_1,I16,100.5013928,102.5862069,94.89244193,95.36681014,98.30508475,101.9061451,99.02757745,1.020744131,30
159,File_1,J16,102.6740947,100.7758621,91.02174367,89.95504543,91.65580183,102.0297314,93.52134507,0.981512059,30
160,File_1,A17,95.59888579,93.53448276,86.12071566,84.8723099,85.136897,106.3583451,91.98058169,0.978405574,30
161,File_1,B17,98.44011142,99.65517241,114.4942334,112.6944046,113.9504563,109.9840961,126.2963122,1.012343149,30
162,File_1,C17,89.80501393,89.13793103,87.27635579,88.72883788,89.96088657,107.2750265,96.98886999,0.992571875,30
163,File_1,D17,94.54038997,97.5,94.05935999,94.33189861,98.17470665,106.0624669,101.9480743,1.031305245,30
164,File_1,E17,99.44289694,105.3448276,109.5305502,108.9890005,110.5606258,99.1355584,110.0957999,1.059349947,30
165,File_1,F17,96.10027855,100.0862069,111.0110691,109.7694883,111.4732725,101.5084379,113.5383522,1.041476762,30
166,File_1,G17,99.66573816,100.6034483,89.86146242,90.4964132,90.22164276,110.5628203,101.953241,1.009408551,30
167,File_1,H17,90.13927577,84.13793103,83.93706634,84.17790531,87.87483703,104.4690979,89.60754343,0.933421423,30
168,File_1,I17,93.20334262,86.72413793,90.8036108,89.99330464,88.52672751,103.3279952,94.75167381,0.93048313,30
169,File_1,J17,106.6295265,114.3103448,132.8777296,131.4050693,135.7235984,100.9375552,135.152311,1.072032753,30
170,File_1,A18,91.58774373,93.27586207,95.92509224,95.80105213,94.13298566,103.3651043,100.9026716,1.018431706,30
171,File_1,B18,95.32033426,95.77586207,93.19146961,96.32329029,98.69621904,99.61985333,97.77679705,1.004778915,30
172,File_1,C18,94.42896936,96.20689655,96.41241037,97.64514586,99.73924381,94.76906256,94.29226497,1.018828196,30
173,File_1,D18,101.3370474,102.1551724,107.2378345,107.1353419,109.1264668,97.07932055,105.9785581,1.008073306,30
174,File_1,E18,103.8440111,105.4310345,106.9616875,106.8694405,110.9517601,84.59588708,92.12159049,1.015282763,30
175,File_1,F18,104.735376,92.32758621,76.12373239,76.09756098,77.96610169,98.3849841,76.28834686,0.881532007,30
176,File_1,G18,94.48467967,90.68965517,83.49848003,81.81922525,83.83311604,108.9500133,90.83249015,0.959834499,30
177,File_1,H18,105.9052925,106.637931,114.0370826,111.6193209,110.4302477,105.7501325,120.2759898,1.006917865,30
178,File_1,I18,98.49582173,100.5172414,93.92940849,95.29220469,97.78357236,107.3227381,104.2095972,1.020522898,30
179,File_1,J18,96.60167131,99.65517241,102.8403685,102.2266858,103.3898305,99.76210461,103.9174614,1.031609195,30
180,File_1,A19,103.6768802,108.7068966,101.9353491,103.0530846,106.2581486,106.6956397,112.0382769,1.048516279,30
181,File_1,B19,106.6295265,105.862069,102.9563966,102.4619799,106.6492829,106.8709136,111.5786528,0.99280258,30
182,File_1,C19,100.0557103,94.05172414,84.60306778,85.39454806,87.35332464,108.9692304,94.8184108,0.939993568,30
183,File_1,D19,96.76880223,93.44827586,94.59773049,94.76422764,95.17601043,102.3926489,98.87171428,0.965685983,30
184,File_1,E19,104.902507,101.3793103,95.2590908,94.87135342,98.56584094,109.8389733,106.181783,0.966414561,30
185,File_1,F19,103.8997214,105.7758621,115.1625554,114.2018173,115.3846154,105.3446943,122.5870272,1.018057226,30
186,File_1,G19,94.03899721,92.5862069,88.05142367,88.65423242,89.17861799,110.5064941,99.82626854,0.984551193,30
187,File_1,H19,98.32869081,94.48275862,90.00765786,90.58632233,93.08996089,102.3571965,94.47998967,0.960886979,30
188,File_1,I19,103.6211699,107.0689655,102.3252036,103.033955,104.1720991,105.3485598,110.6032163,1.033273081,30
189,File_1,J19,97.04735376,97.15517241,95.27997587,94.13677666,97.39243807,105.1179537,100.8311985,1.00111099,30
190,File_1,A20,98.66295265,99.9137931,99.15299469,99.01099952,93.87222947,99.89507864,100.7827603,1.012677914,30
191,File_1,B20,98.77437326,98.27586207,98.47074931,97.34098517,97.13168188,97.58559374,96.79210351,0.994953031,30
192,File_1,C20,97.93871866,100.7758621,86.38525979,88.49736968,93.22033898,107.7995229,97.20888678,1.028968558,30
193,File_1,D20,104.2339833,106.2068966,122.0151765,120.2046868,118.6440678,103.006715,126.1669286,1.018927736,30
194,File_1,E20,89.91643454,88.79310345,83.55649409,83.12003826,83.83311604,104.7880588,88.75158769,0.987506944,30
195,File_1,F20,97.82729805,97.15517241,92.00798274,92.23338116,94.52411995,103.003733,96.80545091,0.993129467,30
196,File_1,G20,99.49860724,99.13793103,95.98542687,95.46054519,98.95697523,105.5745273,102.6931605,0.996375063,30
197,File_1,H20,92.75766017,90.25862069,93.4954633,92.47441416,95.30638853,104.7690626,98.72187897,0.973058403,30
198,File_1,I20,99.33147632,95.51724138,96.79530318,96.21807747,98.43546284,102.001237,100.0047362,0.961600944,30
199,File_1,J20,101.3927577,100.1724138,103.8567749,103.6307987,104.3024772,95.79386817,101.15455,0.987964191,30
200,File_1,A21,103.6211699,101.0344828,95.05952243,96.14155906,97.78357236,96.96280262,94.98934361,0.975037079,30
201,File_1,B21,105.5710306,105.862069,124.3496624,124.8895265,129.2046936,101.8598692,129.6247659,1.002756802,30
202,File_1,C21,96.43454039,93.27586207,91.44872717,91.38593974,95.69752282,109.878733,102.3179264,0.967245363,30
203,File_1,D21,99.44289694,100.0,101.0256886,98.48302248,100.3911343,105.8828857,106.2541172,1.005602241,30
204,File_1,E21,92.92479109,91.55172414,92.37231105,92.43424199,94.00260756,100.8829961,95.01883705,0.98522389,30
205,File_1,F21,88.24512535,87.24137931,98.00431625,97.9952176,99.34810952,99.34352359,99.1980797,0.988625479,30
206,File_1,G21,107.8551532,105.1724138,111.955538,111.278814,111.6036506,85.84279466,97.33633291,0.975126461,30
207,File_1,H21,101.6155989,101.0344828,106.2933655,105.2166428,107.4315515,85.39041792,91.54872877,0.994281231,30
208,File_1,I21,87.13091922,81.20689655,73.42259764,72.72692492,74.70664928,104.3490458,77.32901337,0.932010098,30
209,File_1,J21,94.87465181,96.20689655,106.5486274,104.4514586,106.2581486,105.4779996,112.2625993,1.014042157,30
210,File_1,A22,95.37604457,96.81034483,92.62525236,92.41319943,92.17731421,104.1524563,98.07582183,1.01503837,30
211,File_1,B22,101.0584958,102.1551724,99.0532105,98.33955045,100.2607562,102.5722301,102.7818561,1.010851899,30
212,File_1,C22,99.38718663,102.7586207,100.4849976,100.6293639,104.5632334,102.8541924,105.4642527,1.033922221,30
213,File_1,D22,98.99721448,97.67241379,98.45682593,99.24246772,100.6518905,95.10414826,96.17360229,0.986617798,30
214,File_1,E22,98.05013928,97.84482759,91.30021117,90.83692013,93.22033898,105.9679272,98.08335666,0.997906054,30
215,File_1,F22,91.14206128,83.70689655,82.80927297,82.46006695,86.44067797,103.502496,86.96669609,0.918422245,30
216,File_1,G22,102.5626741,101.0344828,101.4132226,101.5705404,102.3468057,105.2845026,108.9660072,0.985099927,30
217,File_1,H22,108.1337047,113.0172414,114.0950967,114.2993783,117.9921773,104.988293,122.2765925,1.045162022,30
218,File_1,I22,100.8356546,99.74137931,100.7820296,100.5375418,104.3024772,106.3406741,108.939743,0.989147933,30
219,File_1,J22,92.86908078,90.43103448,88.24867148,87.26159732,83.96349413,106.4623829,94.66254763,0.973747492,30
220,File_1,A23,94.54038997,93.70689655,97.26637737,96.77283596,93.22033898,105.743285,104.2713827,0.991183732,30
221,File_1,B23,98.49582173,97.32758621,93.20075186,93.61836442,93.61147327,107.129241,102.1945706,0.988139238,30
222,File_1,C23,105.6267409,110.4310345,102.97032,102.8866571,110.2998696,102.5407537,107.5014531,1.045483687,30
223,File_1,D23,103.3983287,103.362069,100.7634651,100.3118125,98.43546284,86.31394681,88.2250113,0.99964932,30
224,File_1,E23,113.7604457,143.2758621,206.7041051,229.2128168,260.2346806,101.2721992,236.5309681,1.259452363,30
225,File_1,F23,56.88022284,16.63793103,0.524447126,0.679100909,1.043024772,638.9545414,4.421433338,0.29250819,30
226,File_1,G23,115.3203343,126.1206897,158.3343002,162.1539933,181.4863103,80.76747217,133.4513789,1.093655256,30
227,File_1,H23,126.908078,139.137931,154.2106607,161.926351,173.7940026,80.62621488,133.0309358,1.096367806,30
228,File_1,I23,105.6824513,114.0517241,126.303576,125.4768054,130.3780965,102.7197826,131.3336634,1.079192645,30
229,File_1,J23,106.7966574,106.7241379,118.2744297,116.7824008,117.601043,82.82989486,98.56515468,0.999320957,30
230,File_1,A24,105.6267409,105.1724138,109.8090177,111.1085605,119.2959583,104.5055443,118.3165056,0.995698749,30
231,File_1,B24,84.40111421,54.74137931,23.93428167,25.02343376,31.68187744,137.9406697,35.17211685,0.648585979,30
232,File_1,C24,101.281337,107.2413793,120.5601838,118.1329507,120.4693611,90.65250044,109.1212245,1.058846402,30
233,File_1,D24,101.3370474,103.0172414,104.4949296,105.974175,105.6062581,90.44122195,97.6618372,1.016580254,30
234,File_1,E24,105.8495822,103.362069,96.23836818,97.19560019,97.26205997,96.00757643,95.08471292,0.976499546,30
235,File_1,F24,138.8857939,121.2068966,149.4558281,151.6652319,167.1447197,98.02394416,151.4875891,0.872709103,30
236,File_1,G24,48.46796657,27.32758621,0.990880189,2.393113343,1.955671447,325.6449903,7.940840886,0.563827784,30
237,File_1,H24,69.97214485,18.87931034,0.338802126,0.304160689,0.782268579,1274.617865,3.950399346,0.2698118,30
238,File_1,I24,97.15877437,93.18965517,69.14580094,69.75227164,74.31551499,110.398149,78.46547975,0.959148114,30
239,File_1,J24,126.2952646,123.0172414,105.977769,107.422286,117.601043,91.51086764,100.167273,0.974044766,30
240,File_1,A25,115.1532033,132.6724138,156.3664632,162.7087518,178.6179922,105.5444867,174.9867602,1.152138282,30
241,File_1,B25,38.83008357,23.79310345,0.577820064,1.386896222,1.434159061,417.8730783,5.90536264,0.612749221,30
242,File_1,C25,114.0947075,114.3965517,136.365535,138.4371114,154.10691,98.43987454,138.8615961,1.002645558,30
243,File_1,D25,106.9637883,107.7586207,118.8592115,121.2262076,130.2477184,99.71814808,123.1768961,1.007430855,30
244,File_1,E25,106.9637883,113.8793103,126.7166361,126.9076997,127.5097784,105.569226,136.5161138,1.064652927,30
245,File_1,F25,103.7325905,101.2931034,106.6530527,107.5523673,108.083442,89.24390352,97.80413769,0.976482925,30
246,File_1,G25,117.2144847,121.4655172,117.3113963,120.0631277,122.8161669,99.87553013,122.1876816,1.036267126,30
247,File_1,H25,100.1671309,91.72413793,100.8493259,97.22812052,95.04563233,105.1769306,104.2007707,0.915710943,30
248,File_1,I25,116.9916435,112.5,104.4717239,106.0200861,111.2125163,98.89766301,106.8396805,0.961607142,30
249,File_1,J25,116.6016713,115.6034483,118.7895946,120.3615495,123.9895698,88.96238293,109.107016,0.991439034,30
250,File_1,A26,102.8412256,101.637931,101.2600654,100.3519847,102.2164276,101.5264402,103.815849,0.988299492,30
251,File_1,B26,115.3203343,103.362069,118.8499292,117.9129603,122.1642764,101.4168802,121.8514133,0.896303931,30
252,File_1,C26,64.73537604,76.46551724,73.54790801,70.84648494,67.14471969,97.58250133,70.44476976,1.181201407,30
253,File_1,D26,35.26462396,36.12068966,4.641125009,5.658536585,7.170795306,192.3131295,11.08845881,1.024275481,30
254,File_1,E26,102.729805,103.7931034,117.005082,115.6709708,116.166884,98.78092419,116.4276334,1.010350437,30
255,File_1,F26,122.3398329,114.9137931,104.0377788,106.4198948,112.3859192,80.49522884,87.28746421,0.939299902,30
256,File_1,G26,102.1727019,100.862069,105.5670294,106.601626,110.2998696,101.049545,109.7631913,0.987172377,30
257,File_1,H26,76.04456825,89.05172414,75.29065045,72.48015304,81.22555411,105.0124801,77.55656498,1.171046482,30
258,File_1,I26,107.9108635,115.1724138,119.9405936,121.300813,126.4667536,101.5613403,125.5309896,1.067292116,30
259,File_1,J26,109.5821727,114.4827586,127.7632098,127.9158297,131.5514993,101.6346749,132.4722826,1.044720649,30
260,File_1,A27,108.189415,116.8103448,129.9282946,128.6637972,135.071708,111.8616363,146.6554003,1.079683671,30
261,File_1,B27,97.93871866,94.74137931,97.75137493,97.04256337,95.04563233,106.09063,104.9053842,0.967353674,30
262,File_1,C27,104.902507,105.4310345,101.7752303,101.5648015,103.3898305,107.9644151,111.7332243,1.005038273,30
263,File_1,D27,98.49582173,89.65517241,94.50954911,93.25681492,93.08996089,109.2294354,103.7956126,0.910243408,30
264,File_1,E27,109.0250696,111.5517241,114.6961223,116.1224295,122.4250326,103.9878954,123.0432068,1.023174986,30
265,File_1,F27,121.3927577,130.5172414,134.3768129,136.6083214,138.7222947,100.1802439,139.4497427,1.075164976,30
266,File_1,G27,100.8356546,95.68965517,91.42320098,90.70492587,89.70013038,110.0079519,101.6748832,0.94896647,30
267,File_1,H27,114.7632312,120.6034483,134.6320748,135.1525586,146.5449804,103.0716558,141.9457062,1.05088927,30
268,File_1,I27,97.66016713,96.55172414,93.9224468,92.05356289,91.00391134,107.6896316,101.0120342,0.988649999,30
269,File_1,J27,101.8384401,115.6034483,118.5621795,120.5949307,135.8539765,100.6452112,123.6746249,1.135165152,30
270,File_1,A28,105.5710306,111.2068966,122.5419442,122.9823051,128.2920469,104.1394239,130.5018191,1.053384588,30
271,File_1,B28,124.178273,108.6206897,95.08040749,93.81157341,99.34810952,100.3675561,95.94196035,0.874715738,30
272,File_1,C28,95.76601671,88.10344828,75.73619845,76.48780488,79.40026076,109.3474996,85.22356892,0.91998656,30
273,File_1,D28,93.25905292,94.65517241,99.72385306,98.18460067,99.34810952,96.14264888,96.18738025,1.014970337,30
274,File_1,E28,98.83008357,101.9827586,96.64910774,98.39120038,99.73924381,103.0708827,103.3357732,1.031899953,30
275,File_1,F28,102.1727019,102.4137931,105.1075581,106.2285988,108.3441982,98.75695794,106.897591,1.002359644,30
276,File_1,G28,101.5598886,110.5172414,120.8920242,121.4136777,123.2073012,112.3796165,139.0320983,1.088197741,30
277,File_1,H28,92.98050139,90.17241379,92.43496624,90.45624103,95.04563233,109.3764358,100.813976,0.969799178,30
278,File_1,I28,103.9554318,97.93103448,96.65606943,97.59923482,99.73924381,102.8939521,102.3280446,0.942048268,30
279,File_1,J28,99.27576602,97.06896552,87.3436521,86.62075562,89.56975228,109.2018245,96.38522314,0.977771005,30
280,File_1,A29,100.8356546,98.87931034,97.42417562,98.0047824,99.73924381,104.1006582,103.9583647,0.980598685,30
281,File_1,B29,112.9805014,109.9137931,114.7959065,116.1645146,122.946545,101.5367114,120.186433,0.972856305,30
282,File_1,C29,96.10027855,90.0862069,86.62891885,86.45815399,88.65710561,110.0457236,96.94775139,0.937418791,30
283,File_1,D29,101.5598886,99.56896552,109.8809551,109.0349115,110.6910039,100.8387083,112.0344018,0.980396561,30
284,File_1,E29,98.21727019,91.98275862,90.45784698,88.84361549,88.00521512,111.3723714,100.8236636,0.936523266,30
285,File_1,F29,95.32033426,101.9827586,112.6818741,111.4662841,117.2099087,103.0571877,117.0523778,1.0698951,30
286,File_1,G29,107.0752089,114.8275862,133.5599749,135.2615973,139.6349413,92.34769836,127.2797141,1.072401234,30
287,File_1,H29,123.3983287,110.0862069,101.0071241,101.5552367,106.2581486,92.55930818,95.781361,0.892120729,30
288,File_1,I29,93.0362117,92.84482759,86.49432622,85.53993305,84.74576271,104.841624,91.38210157,0.997942907,30
289,File_1,J29,93.20334262,88.18965517,82.33355765,81.44428503,84.35462842,104.6392914,86.8388194,0.946207,30
290,File_1,A30,93.98328691,93.10344828,90.05406911,87.80296509,90.74315515,103.7080315,92.78551592,0.99063835,30
291,File_1,B30,93.98328691,93.62068966,99.50572019,99.41846007,101.0430248,99.17200477,100.4650061,0.996141896,30
292,File_1,C30,100.4456825,104.3103448,122.6370872,119.7991392,121.1212516,113.8198003,138.9406041,1.038475146,30
293,File_1,D30,100.9470752,98.18965517,102.710417,101.6011478,107.3011734,107.5662661,111.3610041,0.972684498,30
294,File_1,E30,100.5571031,94.9137931,91.72023298,91.93304639,94.26336375,111.1062025,104.0802136,0.943879549,30
295,File_1,F30,89.74930362,82.93103448,83.82799991,83.41846007,85.78878748,104.1515727,88.52920282,0.924029838,30
296,File_1,G30,104.0111421,107.9310345,111.3568329,111.6040172,112.5162973,100.4687224,114.2535145,1.037687235,30
297,File_1,H30,112.7019499,120.3448276,128.8121041,131.8507891,138.7222947,105.9273944,142.3146972,1.067814955,30
298,File_1,I30,101.1142061,103.1034483,92.97797786,94.56910569,93.74185137,112.2470843,108.1638716,1.019673222,30
299,File_1,J30,100.3899721,102.1551724,103.7291439,104.7479675,111.2125163,107.3130191,114.5398377,1.017583433,30
300,File_1,A31,101.9498607,104.2241379,100.0092823,100.2161645,98.95697523,109.8796165,112.2053347,1.022307801,30
301,File_1,B31,100.1671309,100.6896552,103.6989766,103.5887135,105.2151239,105.3558491,111.2064326,1.005216525,30
302,File_1,C31,114.4289694,120.3448276,124.2707632,126.8598757,132.2033898,93.14973935,120.4105401,1.051698956,30
303,File_1,D31,129.8607242,126.637931,129.7658552,130.0028694,136.3754889,84.94676621,112.5273945,0.975182695,30
304,File_1,E31,91.92200557,85.17241379,77.62513633,78.03538977,79.53063885,109.7428874,87.26227638,0.926572623,30
305,File_1,F31,97.54874652,94.31034483,90.96140905,89.64131994,92.6988266,103.2908862,94.34716153,0.966802221,30
306,File_1,G31,98.99721448,99.65517241,98.2363725,99.63079866,102.6075619,100.6505125,102.1805774,1.006646227,30
307,File_1,H31,97.88300836,92.24137931,95.74640893,92.27546628,92.95958279,103.4210991,97.24204,0.942363551,30
308,File_1,I31,101.3927577,101.8103448,97.80474787,97.976088,102.4771838,110.5263739,110.3427267,1.00411851,30
309,File_1,J31,95.32033426,91.72413793,94.67198849,94.66284075,94.39374185,104.7922557,101.0804934,0.962272517,30
310,File_1,A32,105.4038997,103.1896552,94.08024505,96.16834051,96.08865711,107.1938505,105.0414415,0.978992765,30
311,File_1,B32,93.09192201,88.10344828,90.05406911,89.62984218,89.30899609,100.8627849,92.11750016,0.946413463,30
312,File_1,C32,101.3927577,101.1206897,98.180679,100.2544237,99.60886571,101.6803985,103.8722525,0.997316692,30
313,File_1,D32,109.1922006,110.9482759,117.0445316,115.6652319,119.4263364,102.6764888,121.0131106,1.016082424,30
314,File_1,E32,101.448468,100.2586207,90.88947161,92.99856528,94.78487614,112.2835307,106.4024456,0.988271412,30
315,File_1,F32,99.22005571,99.9137931,98.16443506,98.31850789,101.0430248,103.1678521,103.3566554,1.006991907,30
316,File_1,G32,103.1754875,101.0344828,95.58861068,95.79148733,94.39374185,107.7807475,105.2026867,0.979248902,30
317,File_1,H32,107.0752089,106.2068966,91.2120298,94.44093735,95.30638853,103.3838797,99.48827797,0.991890632,30
318,File_1,I32,108.1337047,107.6724138,112.7120414,114.7183166,112.3859192,88.46417212,103.4091839,0.995734069,30
319,File_1,J32,131.6991643,122.3275862,116.0002785,117.8173123,119.0352021,83.40386994,100.1276614,0.928841021,30
320,File_1,A33,97.43732591,96.81034483,89.55978929,90.68579627,94.91525424,107.4020366,99.24544143,0.993565289,30
321,File_1,B33,92.25626741,90.68965517,85.03469241,84.48015304,84.09387223,105.7541085,91.03549977,0.983018907,30
322,File_1,C33,90.25069638,86.20689655,83.99740097,82.26303204,83.31160365,107.8768334,90.42560978,0.955193699,30
323,File_1,D33,98.77437326,98.79310345,96.54468243,97.31037781,99.08735332,105.8457766,104.9521001,1.000189626,30
324,File_1,E33,95.26462396,94.31034483,92.75520386,92.47824008,91.26466754,104.4449108,98.4204861,0.989982859,30
325,File_1,F33,97.99442897,95.94827586,95.63502193,95.38211382,93.87222947,103.8509454,100.933672,0.9791197,30
326,File_1,G33,99.05292479,96.29310345,88.38790523,89.35246294,87.74445893,112.183027,102.1396741,0.972137912,30
327,File_1,H33,91.75487465,80.86206897,79.69043696,79.49689144,85.65840939,108.4322539,87.83492282,0.88128363,30
328,File_1,I33,99.66573816,99.56896552,93.30053605,94.1252989,97.13168188,108.0757422,103.6556802,0.999029028,30
329,File_1,J33,105.1253482,101.8965517,104.4578006,104.9239598,102.9986962,106.7469959,114.1271447,0.969286223,30
330,File_1,A34,97.99442897,93.96551724,92.98029842,92.03252033,94.00260756,107.1770631,100.5082775,0.958886319,30
331,File_1,B34,100.5571031,99.05172414,92.20290999,92.69249163,93.35071708,104.4850018,98.68635767,0.985029611,30
332,File_1,C34,95.48746518,93.96551724,92.1031258,93.30272597,97.26205997,107.243771,101.9588383,0.98406128,30
333,File_1,D34,95.26462396,96.46551724,98.26421925,97.81922525,97.91395046,101.9974819,101.6651956,1.012605868,30
334,File_1,E34,109.9164345,113.1034483,118.6666048,119.3495935,119.6870926,86.8904621,105.6700609,1.02899488,30
335,File_1,F34,126.8523677,116.637931,115.854083,117.1114299,118.2529335,83.93433027,100.1608146,0.919477761,30
336,File_1,G34,94.87465181,94.65517241,87.99108904,88.68866571,86.17992177,103.9389689,93.93016297,0.997686638,30
337,File_1,H34,94.15041783,91.20689655,86.3597336,85.53993305,86.31029987,103.0540952,89.82411573,0.968735972,30
338,File_1,I34,104.0111421,109.137931,97.15499037,96.38259206,94.78487614,110.9261795,108.9410346,1.049290766,30
339,File_1,J34,104.8467967,100.2586207,88.4946511,88.61023434,89.17861799,106.6293736,96.27629115,0.956239235,30
340,File_1,A35,97.49303621,96.63793103,93.44905205,92.77474892,96.08865711,110.102602,104.0845192,0.991229064,30
341,File_1,B35,99.27576602,96.37931034,87.40630729,87.15638451,89.0482399,109.2021559,96.98155045,0.970824142,30
342,File_1,C35,98.2729805,92.75862069,86.56858422,88.36537542,87.74445893,109.6397332,98.72080257,0.943887325,30
343,File_1,D35,91.86629526,85.51724138,80.58385353,80.57580105,83.31160365,103.5586013,85.02551075,0.930888104,30
344,File_1,E35,97.66016713,91.63793103,84.55201541,84.71927308,83.05084746,111.4783972,96.23495727,0.938334776,30
345,File_1,F35,102.8969359,106.2931034,101.2577449,101.6413199,100.2607562,102.4225791,106.0778024,1.033005526,30
346,File_1,G35,102.3398329,102.8448276,97.30582693,97.04830225,99.73924381,108.2190979,107.0164259,1.004934488,30
347,File_1,H35,99.83286908,101.5517241,93.2355603,93.42515543,92.6988266,102.0909171,97.18735872,1.017217326,30
348,File_1,I35,95.48746518,95.34482759,90.63420973,90.31276901,91.13428944,105.7675826,97.3331037,0.998506217,30
349,File_1,J35,107.2980501,110.5172414,106.3467384,106.8962219,107.8226858,99.74885139,108.64976,1.030002328,30
350,File_1,A36,112.367688,112.1551724,105.8060474,107.1410808,106.6492829,86.39037374,94.31486943,0.998108748,30
351,File_1,B36,118.3844011,112.7586207,105.1168403,106.7852702,105.2151239,89.13588973,96.98908527,0.952478702,30
352,File_1,C36,84.17827298,80.51724138,78.02891421,77.91296031,78.74837027,102.7741209,81.59286129,0.956508592,30
353,File_1,D36,97.3816156,95.34482759,91.37678973,89.62219034,92.95958279,105.7440581,96.56735054,0.979084471,30
354,File_1,E36,87.52089136,80.94827586,68.69561182,70.39311334,72.49022164,112.9815338,81.03959011,0.924902324,30
355,File_1,F36,92.64623955,89.13793103,87.66388973,87.54854137,86.44067797,106.253976,94.78784095,0.962132208,30
356,File_1,G36,89.69359331,89.39655172,81.2475344,82.59014825,81.4863103,106.5618926,89.67858604,0.996688263,30
357,File_1,H36,89.02506964,81.98275862,81.77662265,81.14395026,82.92046936,110.3700963,91.25702353,0.920895192,30
358,File_1,I36,91.25348189,90.25862069,90.61100411,88.5011956,88.52672751,101.2359737,91.2940518,0.989097828,30
359,File_1,J36,98.94150418,97.06896552,89.52730142,90.2745098,88.9178618,107.5220887,98.90572862,0.981074286,30
360,File_1,A37,90.4178273,88.70689655,88.37398185,88.40554758,87.09256845,109.2519659,98.41639577,0.981077506,30
361,File_1,B37,90.4178273,86.12068966,92.92924605,90.41798183,93.35071708,103.7826913,95.61774773,0.952474664,30
362,File_1,C37,93.53760446,94.22413793,92.65077855,90.97082736,89.56975228,101.9218281,94.4774063,1.007339652,30
363,File_1,D37,93.64902507,92.4137931,101.6011881,99.70923003,98.95697523,98.59990723,100.1776065,0.986809986,30
364,File_1,E37,93.53760446,95.0862069,96.89276681,96.62362506,95.04563233,95.4421055,93.96848292,1.016555934,30
365,File_1,F37,96.76880223,94.13793103,106.4674077,105.7274032,103.5202086,86.80177593,93.51359497,0.972812816,30
366,File_1,G37,98.38440111,101.0344828,97.33135312,97.93400287,100.5215124,89.16836013,88.98215324,1.026935995,30
367,File_1,H37,100.3342618,94.48275862,102.5154898,99.18699187,98.82659713,90.88233345,91.85292028,0.94167991,30
368,File_1,I37,87.57660167,90.68965517,94.14290024,90.63414634,87.74445893,97.75302615,90.277712,1.035546635,30
369,File_1,J37,92.98050139,98.27586207,99.64263337,98.91152559,94.78487614,90.50561053,91.21805774,1.056951303,30
370,File_1,A38,100.5571031,104.7413793,99.43378275,101.0291726,96.2190352,85.20023414,87.70941422,1.041610946,30
371,File_1,B38,93.9275766,95.86206897,98.90701506,100.3538977,100.5215124,83.62111239,85.50838518,1.020595574,30
372,File_1,C38,97.54874652,99.9137931,95.75337062,95.38211382,89.56975228,89.64492401,87.12664959,1.024244766,30
373,File_1,D38,102.5626741,106.3793103,107.3979533,107.5542802,100.5215124,82.67251281,90.60407741,1.037212721,30
374,File_1,E38,96.04456825,98.18965517,100.0116028,98.88091822,96.87092568,86.82154533,87.47798756,1.022334287,30
375,File_1,F38,84.45682451,80.77586207,82.79999072,81.56862745,80.05215124,82.43770984,68.51843878,0.956416045,30
376,File_1,G38,93.76044568,93.18965517,100.3364816,98.67049259,96.08865711,82.93713554,83.38636413,0.993912246,30
377,File_1,H38,92.03342618,92.06896552,94.31926299,91.38593974,87.61408083,88.25189963,82.1792857,1.000386157,30
378,File_1,I38,105.3481894,106.9827586,95.68143318,96.87804878,98.69621904,94.06167167,92.85311403,1.015515874,30
379,File_1,J38,99.83286908,97.32758621,76.70387302,77.29890005,80.57366362,98.478088,77.56603733,0.97490523,30
380,File_1,A39,106.2395543,104.9137931,103.6780916,103.5466284,107.9530639,94.36296165,99.56254978,0.987521021,30
381,File_1,B39,93.25905292,83.96551724,65.58837862,65.252989,70.273794,98.18342463,65.28255581,0.900347094,30
382,File_1,C39,77.21448468,66.03448276,45.01659202,44.05547585,48.76140808,110.9294928,49.79720566,0.855208489,30
383,File_1,D39,99.38718663,94.48275862,93.76928968,91.3591583,92.30769231,90.82976233,84.55490732,0.950653317,30
